idx;y_from;y_to;R;G;B;class
1;0;15;122;128;79;sĂˇrga
2;19;29;70;66;63;szĂĽrke
3;39;49;96;88;84;szĂĽrke
4;62;66;92;82;76;szĂĽrke
5;74;88;116;82;56;narancs
6;116;121;117;107;85;sĂˇrga
7;138;142;78;72;61;sĂˇrga
8;150;158;84;69;59;narancs
9;168;180;75;69;63;szĂĽrke
10;205;220;115;78;63;narancs
11;263;267;86;86;79;szĂĽrke
12;272;276;91;91;84;szĂĽrke
13;302;314;67;63;58;szĂĽrke
14;322;331;93;88;77;szĂĽrke
15;382;391;74;70;65;szĂĽrke
16;399;412;107;75;76;piros
17;420;428;98;64;66;piros
18;438;448;79;61;60;piros
